{
  "key": "llm_gate",
  "title": "LLM concurrency gate (agent-service #1, Critical)",
  "report_ref": "bottleneck-report \u00a71 / providers.py:194 (asyncio.Semaphore backpressure)",
  "primary_metric": "batch_wall_ms",
  "lower_is_better": true,
  "iters": 40,
  "warmup": 8,
  "primary_delta_pct_p50": -67.64548428275637,
  "correctness_passed": null,
  "correctness_detail": "no correctness check",
  "arms": {
    "baseline": {
      "batch_wall_ms": {
        "n": 40,
        "mean": 241.34079750037927,
        "p50": 244.98265000147512,
        "p95": 262.53726999457285,
        "p99": 262.73815800232114,
        "minimum": 208.64820000133477,
        "maximum": 262.8621000039857
      },
      "call_max_ms": {
        "n": 40,
        "mean": 238.62374609390545,
        "p50": 240.60115424833776,
        "p95": 254.9349230867773,
        "p99": 256.7852611322684,
        "minimum": 213.51208638665614,
        "maximum": 257.2079955532762
      },
      "call_p50_ms": {
        "n": 40,
        "mean": 94.24811356388149,
        "p50": 95.50917164563458,
        "p95": 102.50306762082258,
        "p99": 102.94069971737468,
        "minimum": 85.2058917087072,
        "maximum": 102.94073662667843
      }
    },
    "treatment": {
      "batch_wall_ms": {
        "n": 40,
        "mean": 82.48555999962264,
        "p50": 79.26294999924721,
        "p95": 103.34884000221791,
        "p99": 105.3085980029573,
        "minimum": 67.13699999818346,
        "maximum": 106.37400000268826
      },
      "call_max_ms": {
        "n": 40,
        "mean": 25.624207570864066,
        "p50": 25.720006905755007,
        "p95": 26.280245214976414,
        "p99": 26.327662877898415,
        "minimum": 23.71682947325715,
        "maximum": 26.356368939982833
      },
      "call_p50_ms": {
        "n": 40,
        "mean": 16.756322910432885,
        "p50": 16.5168010356832,
        "p95": 18.01115956484157,
        "p99": 18.082441958389676,
        "minimum": 16.217898874071054,
        "maximum": 18.08728206903989
      }
    }
  }
}